quote_id,date_submitted,date_closed,customer,city,state,sales_rep,product_category,product_detail,quote_amount,discount_pct,final_amount,margin_pct,competitor_mentioned,days_to_quote,days_to_close,result,loss_reason
Q-2025-1001,2025-10-01,2025-10-28,River Bluff Packaging,Lawrence,KS,Jake Finley,Seals & Gaskets,Garlock Style 9850 Gasket Set (qty 5),49500,0,49500,28,,4,27,Lost,Spec change
Q-2025-1002,2025-10-02,2025-11-01,Big Sky Fabrication,Manhattan,KS,Jake Finley,Power Transmission,Rexnord HP8505-36 TableTop Chain + Sprockets,71100,7,66123,18,,2,30,Lost,Project canceled
Q-2025-1003,2025-10-03,2025-10-09,Prairie Wind Renewables,Garden City,KS,Lisa Cheng,Bearings,Timken HM218248/HM218210 Sets (qty 53),5100,0,5100,22,Amazon Business,2,6,Lost,Project canceled
Q-2025-1004,2025-10-03,2025-10-28,Lakeshore Assembly,Council Bluffs,IA,Jake Finley,Bearings,Timken 567/563 Tapered Roller Sets (qty 58),28000,0,28000,25,,1,25,Won,
Q-2025-1005,2025-10-03,2025-10-11,Dairyland Cooperative,Omaha,NE,Mark Alderman,Seals & Gaskets,Parker Parbak F700 Backup Rings (qty 15),8400,2,8232,30,McMaster-Carr,1,8,Won,
Q-2025-1006,2025-10-04,2025-10-10,Prairie Wind Renewables,Garden City,KS,Jake Finley,Bearings,SKF 22218E Spherical Roller Bearings (qty 66),3900,1,3861,24,Amazon Business,1,6,Won,
Q-2025-1007,2025-10-04,2025-10-23,Prairie Wind Renewables,Garden City,KS,Lisa Cheng,Valves,Emerson ASCO 551 Series Pneumatic Valves (qty 68),13900,2,13622,22,,4,19,Lost,Price
Q-2025-1008,2025-10-06,2025-10-19,Cottonwood Valley Dairy,Marion,KS,Mark Alderman,Seals & Gaskets,Trelleborg Turcon Variseal HF (qty 90),19800,0,19800,38,,5,13,Lost,No response
Q-2025-1009,2025-10-06,2025-10-25,River Bluff Packaging,Lawrence,KS,Lisa Cheng,Bearings,FAG 22316E1A.M Spherical Bearings (qty 67),5300,4,5088,18,Amazon Business,0,19,Lost,Price
Q-2025-1010,2025-10-07,2025-11-10,Cornhusker Milling,Lincoln,NE,Mark Alderman,Power Transmission,Intralox Series 800 Flat Top Modular Belt (200ft),48200,0,48200,19,,9,34,Lost,Went with incumbent
Q-2025-1011,2025-10-07,2025-10-14,Midwest Conveyor Solutions,St. Joseph,MO,Jake Finley,MRO/Mixed,"Welding shop supplies — wire, gas, tips, nozzles",3100,0,3100,29,,1,7,Won,
Q-2025-1012,2025-10-07,2025-11-20,CrossWinds Energy,Liberal,KS,Lisa Cheng,Power Transmission,Dodge TXT615T Shaft Mount Reducer,84400,2,82712,19,Motion Industries,4,44,Lost,Went with incumbent
Q-2025-1013,2025-10-07,2025-10-21,Midland Machine & Tool,Sedalia,MO,Lisa Cheng,Seals & Gaskets,John Crane Type 1 Mechanical Seal Assemblies (qty 89),1100,15,935,29,McMaster-Carr,2,14,Won,
Q-2025-1014,2025-10-07,2025-10-22,Dairyland Cooperative,Omaha,NE,Lisa Cheng,Valves,Emerson ASCO 551 Series Pneumatic Valves (qty 26),10100,0,10100,20,Applied Industrial,3,15,Lost,Lead time
Q-2025-1015,2025-10-07,2025-11-10,Great Plains Manufacturing,Wichita,KS,Jake Finley,Linear Motion,THK SHS25V Linear Guide Rails (500mm) (qty 53),56700,6,53298,17,,3,34,Won,
Q-2025-1016,2025-10-10,2025-10-25,Flatlander Ag Repair,Abilene,KS,Lisa Cheng,Valves,Parker Hannifin D1VW Series Directional Valves (qty 14),10500,0,10500,26,Ferguson,2,15,Lost,Price
Q-2025-1017,2025-10-11,2025-11-05,Prairie Ag Equipment,Salina,KS,Jake Finley,Motors & Drives,Yaskawa GA500 Microdrive 3HP,5800,1,5742,19,,1,25,Lost,Price
Q-2025-1018,2025-10-12,2025-10-26,Midland Machine & Tool,Sedalia,MO,Jake Finley,MRO/Mixed,"Valve maintenance kit — packing, gaskets, handwheels",1400,7,1302,34,,0,14,Won,
Q-2025-1019,2025-10-12,2025-10-22,Riverview Packaging,Atchison,KS,Jake Finley,Valves,Emerson Fisher ED Series Globe Valves (qty 32),7700,0,7700,19,Ferguson,1,10,Lost,Lead time
Q-2025-1020,2025-10-12,2025-11-07,Rolling Hills Dairy,Marysville,KS,Mark Alderman,Linear Motion,THK SHS25V Linear Guide Rails (300mm) (qty 95),19700,5,18715,25,Motion Industries,4,26,Lost,Price
Q-2025-1021,2025-10-13,2025-10-24,Flatlander Ag Repair,Abilene,KS,Jake Finley,Seals & Gaskets,Garlock Style 9850 Gasket Set (qty 67),20300,0,20300,29,Motion Industries,2,11,Lost,No response
Q-2025-1022,2025-10-16,2025-10-29,Chisholm Trail Equipment,Newton,KS,Jake Finley,Valves,Emerson ASCO 551 Series Pneumatic Valves (qty 22),16700,4,16032,21,Motion Industries,1,13,Lost,No response
Q-2025-1023,2025-10-17,2025-10-22,Dairyland Cooperative,Omaha,NE,Mark Alderman,Seals & Gaskets,Freudenberg Simrit Oil Seals (qty 69),7900,6,7426,32,Motion Industries,1,5,Won,
Q-2025-1024,2025-10-18,2025-11-01,Kaw Valley Machine,Lawrence,KS,Jake Finley,Bearings,Timken HM218248/HM218210 Sets (qty 40),3600,3,3492,26,Motion Industries,1,14,Lost,Price
Q-2025-1025,2025-10-19,2025-11-12,Northern Grain Elevator,Sioux City,IA,Mark Alderman,Bearings,NSK 6205DDUCM Deep Groove Bearings (qty 94),39700,0,39700,21,Motion Industries,2,24,Lost,Went with incumbent
Q-2025-1026,2025-10-19,2025-10-27,Bootheel Manufacturing,Sikeston,MO,Lisa Cheng,Linear Motion,SKF LBBR 25-2LS Linear Ball Bearings (qty 49),4600,1,4554,26,Applied Industrial,0,8,Lost,Lead time
Q-2025-1027,2025-10-20,2025-11-01,Flint Hills Hydraulics,Manhattan,KS,Lisa Cheng,Linear Motion,IKO LWLF42 Linear Way L Blocks (qty 97),20400,2,19992,22,,2,12,Lost,Went with incumbent
Q-2025-1028,2025-10-20,2025-10-23,Chisholm Trail Equipment,Newton,KS,Mark Alderman,Motors & Drives,ABB ACS580 Variable Frequency Drive 10HP,5200,6,4888,23,Motion Industries,1,3,Won,
Q-2025-1029,2025-10-21,2025-11-15,Iron Horse Fabrication,Coffeyville,KS,Lisa Cheng,Linear Motion,IKO LWLF42 Linear Way L Blocks (qty 54),34700,0,34700,21,,8,25,Lost,Went with incumbent
Q-2025-1030,2025-10-22,2025-11-09,River Bluff Packaging,Lawrence,KS,Mark Alderman,Linear Motion,NSK LAH25BNZ Linear Guide Carriage (qty 38),5500,0,5500,21,,3,18,Lost,Spec change
Q-2025-1031,2025-10-22,2025-11-01,Flatlander Ag Repair,Abilene,KS,Lisa Cheng,Bearings,Timken 387A/382A Tapered Roller Sets (qty 3),3200,4,3072,23,Motion Industries,1,10,Won,
Q-2025-1032,2025-10-22,2025-10-28,Hawkeye Industrial,Cedar Rapids,IA,Jake Finley,Power Transmission,Intralox Series 800 Flat Top Modular Belt (750ft),1500,0,1500,23,,1,6,Lost,Went with incumbent
Q-2025-1033,2025-10-23,2025-11-12,Big Sky Fabrication,Manhattan,KS,Lisa Cheng,Motors & Drives,WEG W22 NEMA Premium Motor 7.5HP,3500,0,3500,22,,0,20,Lost,Went with incumbent
Q-2025-1034,2025-10-24,2025-10-27,Bootheel Manufacturing,Sikeston,MO,Jake Finley,Bearings,Koyo 6206 ZZ CM Deep Groove (qty 46),1900,6,1786,19,Amazon Business,0,3,Won,
Q-2025-1035,2025-10-25,2025-11-22,High Plains Ag Services,Dodge City,KS,Mark Alderman,Seals & Gaskets,Garlock Style 9850 Gasket Set (qty 12),45500,0,45500,33,,3,28,Lost,Price
Q-2025-1036,2025-10-25,2025-11-11,Bootheel Manufacturing,Sikeston,MO,Lisa Cheng,MRO/Mixed,Seasonal equipment prep — mixed parts order,6500,2,6370,34,,1,17,Lost,Project canceled
Q-2025-1037,2025-10-25,2025-11-05,Prairie Wind Renewables,Garden City,KS,Mark Alderman,Power Transmission,Dodge Quantis ILH68 Gearbox,13100,0,13100,26,Applied Industrial,3,11,Lost,Price
Q-2025-1038,2025-10-26,2025-11-20,Silo Systems Inc,Beatrice,NE,Lisa Cheng,Power Transmission,Rexnord HP8505-36 TableTop Chain + Sprockets,800,0,800,23,Applied Industrial,2,25,Lost,Project canceled
Q-2025-1039,2025-10-26,2025-11-24,Silo Systems Inc,Beatrice,NE,Jake Finley,Seals & Gaskets,Garlock Blu-Gard 3000 Sheet Material,21900,0,21900,30,Amazon Business,2,29,Lost,Went with incumbent
Q-2025-1040,2025-10-27,2025-11-06,Central Iowa Machining,Des Moines,IA,Mark Alderman,Linear Motion,Thomson 60 Case Shaft Linear Bearing (qty 30),5000,4,4800,23,,1,10,Lost,Lead time
Q-2025-1041,2025-10-27,2025-11-10,Ozark Machine Works,Springfield,MO,Lisa Cheng,Bearings,NSK 7208CTRDULP4Y Angular Contact (qty 61),15200,0,15200,21,Motion Industries,2,14,Lost,Price
Q-2025-1042,2025-10-28,2025-11-08,Dusty Plains Ag Co-op,Pratt,KS,Jake Finley,MRO/Mixed,"Welding shop supplies — wire, gas, tips, nozzles",3300,12,2904,28,,2,11,Won,
Q-2025-1043,2025-10-28,2025-11-08,Silo Systems Inc,Beatrice,NE,Mark Alderman,Valves,ASCO 8210G Series Solenoid Valves (qty 61),6600,1,6534,21,Ferguson,1,11,Won,
Q-2025-1044,2025-10-29,2025-11-20,Riverview Packaging,Atchison,KS,Mark Alderman,Linear Motion,NSK LAH25BNZ Linear Guide Carriage (qty 28),71400,0,71400,15,Motion Industries,6,22,Lost,Went with incumbent
Q-2025-1045,2025-10-30,2025-11-06,Gateway Steel & Alloy,St. Louis,MO,Lisa Cheng,Seals & Gaskets,Chesterton 442C Split Seal Assembly,3200,0,3200,27,Motion Industries,0,7,Won,
Q-2025-1046,2025-11-01,2025-11-06,High Plains Ag Services,Dodge City,KS,Mark Alderman,Seals & Gaskets,Garlock Style 9850 Gasket Set (qty 79),8600,0,8600,34,Motion Industries,2,5,Lost,Price
Q-2025-1047,2025-11-01,2025-11-12,Ozark Machine Works,Springfield,MO,Jake Finley,Seals & Gaskets,CR Seals Large Bore Seals (qty 90),1100,0,1100,29,Applied Industrial,2,11,Lost,Went with incumbent
Q-2025-1048,2025-11-05,2025-11-17,CrossWinds Energy,Liberal,KS,Lisa Cheng,Seals & Gaskets,John Crane Type 1 Mechanical Seal Assemblies (qty 43),5000,1,4950,36,,1,12,Won,
Q-2025-1049,2025-11-06,2025-12-05,Iron Horse Fabrication,Coffeyville,KS,Lisa Cheng,Motors & Drives,WEG W22 NEMA Premium Motor 7.5HP,13100,1,12969,21,Applied Industrial,3,29,Lost,Price
Q-2025-1050,2025-11-06,2025-11-18,Northern Grain Elevator,Sioux City,IA,Jake Finley,Seals & Gaskets,NOK VB Type Oil Seals (qty 30),9800,0,9800,30,,0,12,Lost,Price
Q-2025-1051,2025-11-07,2025-11-27,Tallgrass Pump & Motor,Emporia,KS,Lisa Cheng,Power Transmission,Nord Unicase SK 9382.1 Helical Gear Unit,24200,1,23958,21,Applied Industrial,4,20,Lost,Lead time
Q-2025-1052,2025-11-07,2025-12-19,High Plains Ag Services,Dodge City,KS,Mark Alderman,Seals & Gaskets,Parker O-Ring Kit (qty 9 kits),113400,0,113400,26,Motion Industries,7,42,Lost,Price
Q-2025-1053,2025-11-08,2025-12-03,Cornhusker Milling,Lincoln,NE,Jake Finley,Power Transmission,Gates Poly Chain GT Carbon 14MGT Belt System,31200,0,31200,21,,4,25,Lost,Price
Q-2025-1054,2025-11-09,2025-11-14,Platte River Machine,Grand Island,NE,Lisa Cheng,Power Transmission,Rexnord 1050T Grid Coupling Assembly,4900,5,4655,19,Applied Industrial,2,5,Won,
Q-2025-1055,2025-11-09,2025-12-09,CrossWinds Energy,Liberal,KS,Lisa Cheng,Bearings,Timken HM218248/HM218210 Sets (qty 25),10200,4,9792,20,Applied Industrial,4,30,Lost,Went with incumbent
Q-2025-1056,2025-11-09,2025-11-12,Great Plains Manufacturing,Wichita,KS,Lisa Cheng,Motors & Drives,Yaskawa GA500 Microdrive 3HP,800,0,800,22,,1,3,Won,
Q-2025-1057,2025-11-09,2025-11-29,Chisholm Trail Equipment,Newton,KS,Lisa Cheng,Power Transmission,Habasit Cleandrive Conveyor Belt System (1000ft),33900,5,32205,20,,5,20,Won,
Q-2025-1058,2025-11-09,2025-11-19,Tallgrass Energy Services,Wichita,KS,Mark Alderman,Seals & Gaskets,Chesterton 442C Split Seal Assembly,17600,0,17600,36,,3,10,Lost,No response
Q-2025-1059,2025-11-10,2025-12-02,Midwest Conveyor Solutions,St. Joseph,MO,Lisa Cheng,Bearings,Timken HM218248/HM218210 Sets (qty 88),8300,0,8300,20,,0,22,Lost,Lead time
Q-2025-1060,2025-11-11,2025-12-01,River Bluff Packaging,Lawrence,KS,Mark Alderman,Power Transmission,Nord Unicase SK 9382.1 Helical Gear Unit,11400,4,10944,24,,4,20,Won,
Q-2025-1061,2025-11-11,2025-11-27,Bluestem Fabrication,El Dorado,KS,Jake Finley,Seals & Gaskets,Chesterton 442C Split Seal Assembly,22700,5,21565,29,Motion Industries,1,16,Won,
Q-2025-1062,2025-11-12,2025-12-06,Gateway Steel & Alloy,St. Louis,MO,Lisa Cheng,Linear Motion,Bosch Rexroth R162381420 Runner Block (qty 76),15600,0,15600,21,,3,24,Lost,Lead time
Q-2025-1063,2025-11-12,2025-11-24,Kaw Valley Machine,Lawrence,KS,Mark Alderman,MRO/Mixed,"Pump rebuild kit — seals, impeller, shaft sleeve",4500,5,4275,26,Motion Industries,3,12,Lost,No response
Q-2025-1064,2025-11-13,2025-12-03,Midwest Conveyor Solutions,St. Joseph,MO,Mark Alderman,Power Transmission,TB Woods SVS2 Variable Speed Sheave Kit,2300,2,2254,21,Motion Industries,2,20,Lost,Project canceled
Q-2025-1065,2025-11-14,2025-11-19,Lakeshore Assembly,Council Bluffs,IA,Mark Alderman,MRO/Mixed,"Quarterly restock — cutting tools, abrasives, lubricants",4500,5,4275,33,,2,5,Won,
Q-2025-1066,2025-11-15,2025-12-16,Great Plains Manufacturing,Wichita,KS,Mark Alderman,Bearings,SKF 23126 CC/W33 Spherical Roller (qty 55),27700,4,26592,22,,6,31,Lost,Price
Q-2025-1067,2025-11-15,2025-11-18,Iron Horse Fabrication,Coffeyville,KS,Jake Finley,Power Transmission,Intralox Series 800 Flat Top Modular Belt (1000ft),2400,3,2328,22,,2,3,Won,
Q-2025-1068,2025-11-15,2025-12-09,Flatlander Ag Repair,Abilene,KS,Lisa Cheng,Valves,Emerson Fisher ED Series Globe Valves (qty 31),14200,0,14200,27,,3,24,Lost,Project canceled
Q-2025-1069,2025-11-15,2025-12-09,Chisholm Trail Equipment,Newton,KS,Jake Finley,Motors & Drives,ABB ACS580 Variable Frequency Drive 10HP,19100,0,19100,19,,3,24,Lost,Lead time
Q-2025-1070,2025-11-16,2025-12-04,Flatlander Ag Repair,Abilene,KS,Jake Finley,Linear Motion,Bosch Rexroth R162381420 Runner Block (qty 34),19200,2,18816,22,Applied Industrial,3,18,Won,
Q-2025-1071,2025-11-18,2025-12-05,Heartland Stamping,Lenexa,KS,Lisa Cheng,Power Transmission,Intralox Series 800 Flat Top Modular Belt (150ft),33000,0,33000,21,McMaster-Carr,4,17,Lost,Price
Q-2025-1072,2025-11-19,2025-12-13,Bluestem Fabrication,El Dorado,KS,Jake Finley,Seals & Gaskets,Parker Parbak F700 Backup Rings (qty 26),77900,4,74784,28,,1,24,Won,
Q-2025-1073,2025-11-19,2025-12-02,Central Iowa Machining,Des Moines,IA,Lisa Cheng,Bearings,FAG 22316E1A.M Spherical Bearings (qty 66),8600,16,7224,21,,0,13,Won,
Q-2025-1074,2025-11-21,2025-12-01,Tri-State Fabrication,Kansas City,MO,Jake Finley,Power Transmission,Gates Poly Chain GT Carbon 14MGT Belt System,7100,5,6745,24,,1,10,Won,
Q-2025-1075,2025-11-21,2025-12-16,Rolling Hills Dairy,Marysville,KS,Mark Alderman,Motors & Drives,Siemens SINAMICS G120C VFD 15HP,43800,6,41172,15,,7,25,Lost,Price
Q-2025-1076,2025-11-23,2025-11-30,Ozark Machine Works,Springfield,MO,Jake Finley,MRO/Mixed,"Welding shop supplies — wire, gas, tips, nozzles",1100,5,1045,24,Amazon Business,1,7,Won,
Q-2025-1077,2025-11-25,2025-12-21,CrossWinds Energy,Liberal,KS,Lisa Cheng,Bearings,SKF 23126 CC/W33 Spherical Roller (qty 40),27300,0,27300,21,,6,26,Lost,Went with incumbent
Q-2025-1078,2025-11-25,2025-12-10,Dairyland Cooperative,Omaha,NE,Jake Finley,Power Transmission,Habasit Cleandrive Conveyor Belt System (200ft),3800,0,3800,19,,1,15,Lost,Went with incumbent
Q-2025-1079,2025-11-25,2025-12-25,CrossWinds Energy,Liberal,KS,Mark Alderman,Seals & Gaskets,Trelleborg Turcon Variseal HF (qty 53),26600,0,26600,29,Motion Industries,6,30,Lost,Price
Q-2025-1080,2025-11-26,2025-12-18,Tri-State Fabrication,Kansas City,MO,Mark Alderman,Seals & Gaskets,Garlock Blu-Gard 3000 Sheet Material,17700,0,17700,32,,4,22,Lost,Lead time
Q-2025-1081,2025-11-29,2025-12-06,High Plains Ag Services,Dodge City,KS,Mark Alderman,Power Transmission,Habasit Cleandrive Conveyor Belt System (100ft),1400,3,1358,22,,2,7,Won,
Q-2025-1082,2025-11-29,2025-12-22,Timber Creek Fabrication,Pittsburg,KS,Lisa Cheng,MRO/Mixed,Emergency bearing replacement kit,4700,0,4700,28,McMaster-Carr,2,23,Lost,Lead time
Q-2025-1083,2025-11-29,2025-12-11,Capitol City Metalworks,Jefferson City,MO,Jake Finley,Power Transmission,Baldor Dodge Quantis HB382CN140TC Gear Reducer,7100,2,6958,15,Applied Industrial,1,12,Won,
Q-2025-1084,2025-11-30,2025-12-25,Northern Grain Elevator,Sioux City,IA,Mark Alderman,MRO/Mixed,"Pump rebuild kit — seals, impeller, shaft sleeve",6900,0,6900,31,McMaster-Carr,3,25,Lost,Price
Q-2025-1085,2025-12-01,2025-12-10,Rolling Hills Dairy,Marysville,KS,Lisa Cheng,MRO/Mixed,Seasonal equipment prep — mixed parts order,2500,4,2400,32,,1,9,Won,
Q-2025-1086,2025-12-01,2025-12-21,Midland Machine & Tool,Sedalia,MO,Jake Finley,Linear Motion,Thomson 60 Case Shaft Linear Bearing (qty 36),82800,0,82800,24,Motion Industries,4,20,Lost,Lead time
Q-2025-1087,2025-12-02,2025-12-27,Cottonwood Valley Dairy,Marion,KS,Mark Alderman,Bearings,FAG 6308-2RSR-C3 Deep Groove (qty 80),23100,0,23100,22,,3,25,Lost,Went with incumbent
Q-2025-1088,2025-12-04,2025-12-15,Dairyland Cooperative,Omaha,NE,Lisa Cheng,Valves,Swagelok Tube Adapters + Ball Valves,15600,0,15600,19,Ferguson,3,11,Lost,Price
Q-2025-1089,2025-12-04,2025-12-07,High Plains Ag Services,Dodge City,KS,Jake Finley,MRO/Mixed,"Assorted maintenance kit — filters, belts, lubricants",3700,6,3478,33,McMaster-Carr,1,3,Won,
Q-2025-1090,2025-12-04,2025-12-24,Capitol City Metalworks,Jefferson City,MO,Mark Alderman,Linear Motion,Hiwin HGH25CA Linear Guideway Blocks (qty 64),12700,7,11811,24,Motion Industries,5,20,Won,
Q-2025-1091,2025-12-05,2025-12-22,Dusty Plains Ag Co-op,Pratt,KS,Jake Finley,Motors & Drives,Allen-Bradley PowerFlex 525 VFD 20HP,46300,8,42596,20,,2,17,Won,
Q-2025-1092,2025-12-06,2025-12-16,Bootheel Manufacturing,Sikeston,MO,Mark Alderman,Bearings,Koyo 32210JR Tapered Bearings (qty 82),19100,8,17572,25,,5,10,Won,
Q-2025-1093,2025-12-09,2025-12-22,Gateway Steel & Alloy,St. Louis,MO,Lisa Cheng,Power Transmission,Fenner Drives Trantorque GT Keyless Bushing (qty 61),2300,3,2231,20,Motion Industries,1,13,Lost,Project canceled
Q-2025-1094,2025-12-09,2025-12-19,Chisholm Trail Equipment,Newton,KS,Mark Alderman,Valves,Emerson ASCO 551 Series Pneumatic Valves (qty 96),5300,3,5141,26,Ferguson,3,10,Lost,Went with incumbent
Q-2025-1095,2025-12-11,2025-12-25,Dairyland Cooperative,Omaha,NE,Mark Alderman,MRO/Mixed,"Assorted maintenance kit — filters, belts, lubricants",6900,5,6555,27,McMaster-Carr,1,14,Won,
Q-2025-1096,2025-12-11,2025-12-18,Central Iowa Machining,Des Moines,IA,Jake Finley,Seals & Gaskets,Garlock Blu-Gard 3000 Sheet Material,4800,4,4608,29,Applied Industrial,1,7,Won,
Q-2025-1097,2025-12-11,2025-12-24,Chisholm Trail Equipment,Newton,KS,Jake Finley,Valves,Danfoss VRB2 2-Way Valve Bodies (qty 39),9800,2,9604,19,Ferguson,0,13,Won,
Q-2025-1098,2025-12-12,2025-12-29,Heartland Stamping,Lenexa,KS,Mark Alderman,MRO/Mixed,"Quarterly restock — cutting tools, abrasives, lubricants",900,0,900,27,,1,17,Lost,Spec change
Q-2025-1099,2025-12-13,2025-12-22,Platte River Machine,Grand Island,NE,Jake Finley,Power Transmission,Habasit Cleandrive Conveyor Belt System (500ft),1600,4,1536,22,Applied Industrial,0,9,Won,
Q-2025-1100,2025-12-13,2025-12-23,Hawkeye Industrial,Cedar Rapids,IA,Jake Finley,MRO/Mixed,"Valve maintenance kit — packing, gaskets, handwheels",3100,3,3007,23,,0,10,Won,
Q-2025-1101,2025-12-13,2026-01-24,Big Sky Fabrication,Manhattan,KS,Lisa Cheng,Motors & Drives,Siemens SINAMICS G120C VFD 15HP,70500,0,70500,16,Applied Industrial,4,42,Lost,Went with incumbent
Q-2025-1102,2025-12-14,2025-12-31,Silo Systems Inc,Beatrice,NE,Mark Alderman,Power Transmission,TB Woods SVS2 Variable Speed Sheave Kit,4800,0,4800,18,Applied Industrial,1,17,Lost,Lead time
Q-2025-1103,2025-12-15,2026-01-04,Cornhusker Milling,Lincoln,NE,Mark Alderman,Valves,Fisher V150 Rotary Control Valves (qty 33),12600,5,11970,26,Ferguson,4,20,Won,
Q-2025-1104,2025-12-15,2026-01-01,Iron Horse Fabrication,Coffeyville,KS,Jake Finley,Motors & Drives,Leeson C184T17DB1A Motor 5HP 3PH,21500,8,19780,19,Motion Industries,2,17,Lost,Price
Q-2025-1105,2025-12-15,2025-12-31,Flatlander Ag Repair,Abilene,KS,Mark Alderman,Seals & Gaskets,Garlock Blu-Gard 3000 Sheet Material,17100,0,17100,27,,4,16,Lost,Went with incumbent
Q-2025-1106,2025-12-15,2026-01-29,Central Iowa Machining,Des Moines,IA,Mark Alderman,Bearings,FAG 22316E1A.M Spherical Bearings (qty 5),91800,2,89964,18,Amazon Business,6,45,Lost,Lead time
Q-2025-1107,2025-12-17,2025-12-27,Flatlander Ag Repair,Abilene,KS,Jake Finley,Motors & Drives,Leeson C184T17DB1A Motor 5HP 3PH,11500,2,11270,26,,3,10,Won,
Q-2025-1108,2025-12-19,2026-01-14,Tallgrass Energy Services,Wichita,KS,Lisa Cheng,Seals & Gaskets,Chesterton 442C Split Seal Assembly,67100,1,66429,26,,4,26,Lost,Lead time
Q-2025-1109,2025-12-22,2025-12-30,Jensen Manufacturing,Overland Park,KS,Lisa Cheng,Seals & Gaskets,Garlock Style 9850 Gasket Set (qty 44),9200,3,8924,30,,2,8,Won,
Q-2025-1110,2025-12-22,2026-01-02,Great Plains Manufacturing,Wichita,KS,Lisa Cheng,Seals & Gaskets,SKF Speedi-Sleeve Wear Sleeves (qty 35),11500,0,11500,35,Motion Industries,2,11,Lost,Went with incumbent
Q-2025-1111,2025-12-23,2025-12-31,Bootheel Manufacturing,Sikeston,MO,Mark Alderman,MRO/Mixed,"Hydraulic shop restock — hoses, fittings, fluid",7800,5,7410,31,,1,8,Lost,Price
Q-2025-1112,2025-12-23,2026-01-13,Missouri Valley Fabricators,Independence,MO,Jake Finley,Bearings,Koyo 32210JR Tapered Bearings (qty 84),28100,2,27538,22,,3,21,Won,
Q-2025-1113,2025-12-24,2026-01-08,Northern Grain Elevator,Sioux City,IA,Jake Finley,Power Transmission,Baldor Dodge Quantis HB382CN140TC Gear Reducer,49000,5,46550,21,,4,15,Won,
Q-2025-1114,2025-12-24,2026-01-01,Prairie Wind Renewables,Garden City,KS,Lisa Cheng,Seals & Gaskets,Chesterton 442C Split Seal Assembly,1000,4,960,31,,0,8,Lost,Price
Q-2025-1115,2025-12-24,2026-01-14,Central Iowa Machining,Des Moines,IA,Mark Alderman,Power Transmission,Nord Unicase SK 9382.1 Helical Gear Unit,47000,0,47000,21,Applied Industrial,8,21,Lost,Lead time
Q-2025-1116,2025-12-26,2026-01-20,Tallgrass Pump & Motor,Emporia,KS,Lisa Cheng,Seals & Gaskets,CR Seals Large Bore Seals (qty 38),2300,2,2254,33,Applied Industrial,2,25,Lost,Went with incumbent
Q-2025-1117,2025-12-26,2026-01-02,Chisholm Trail Equipment,Newton,KS,Mark Alderman,Valves,Danfoss VRB2 2-Way Valve Bodies (qty 82),5900,4,5664,24,,2,7,Won,
Q-2025-1118,2025-12-27,2026-01-06,Silo Systems Inc,Beatrice,NE,Jake Finley,Seals & Gaskets,CR Seals Large Bore Seals (qty 72),2800,0,2800,35,,1,10,Lost,Spec change
Q-2025-1119,2025-12-27,2026-01-21,Tallgrass Energy Services,Wichita,KS,Mark Alderman,Power Transmission,Rexnord 1050T Grid Coupling Assembly,5200,0,5200,22,,2,25,Lost,Lead time
Q-2025-1120,2025-12-27,2026-01-05,Missouri Valley Fabricators,Independence,MO,Jake Finley,Motors & Drives,Siemens SINAMICS G120C VFD 15HP,2200,4,2112,17,,1,9,Won,
Q-2025-1121,2025-12-28,2026-02-07,Great Plains Manufacturing,Wichita,KS,Jake Finley,Power Transmission,Baldor Dodge Quantis HB382CN140TC Gear Reducer,89500,0,89500,15,McMaster-Carr,2,41,Lost,Went with incumbent
Q-2025-1122,2025-12-29,2026-01-10,Prairie Wind Renewables,Garden City,KS,Jake Finley,Valves,Danfoss VRB2 2-Way Valve Bodies (qty 21),5500,0,5500,16,Motion Industries,2,12,Lost,Went with incumbent
Q-2025-1123,2025-12-29,2026-01-07,Chisholm Trail Equipment,Newton,KS,Jake Finley,Power Transmission,Nord Unicase SK 9382.1 Helical Gear Unit,2700,0,2700,20,,1,9,Lost,No response
Q-2025-1124,2025-12-29,2026-01-21,Cornhusker Milling,Lincoln,NE,Jake Finley,Bearings,Timken HM218248/HM218210 Sets (qty 91),26500,1,26235,18,,2,23,Lost,Went with incumbent
Q-2025-1125,2025-12-31,2026-01-15,Red Hawk Processing,Ponca City,OK,Mark Alderman,Motors & Drives,WEG W22 NEMA Premium Motor 7.5HP,22700,6,21338,17,,3,15,Lost,Project canceled
Q-2026-1126,2026-01-01,2026-01-12,Tallgrass Energy Services,Wichita,KS,Mark Alderman,Seals & Gaskets,Trelleborg Turcon Variseal HF (qty 81),8300,8,7636,35,,1,11,Won,
Q-2026-1127,2026-01-04,2026-01-18,Prairie Ag Equipment,Salina,KS,Jake Finley,Seals & Gaskets,Garlock Style 9850 Gasket Set (qty 43),18800,2,18424,35,Motion Industries,1,14,Won,
Q-2026-1128,2026-01-04,2026-01-20,High Plains Ag Services,Dodge City,KS,Tyler Novak,Power Transmission,Gates Poly Chain GT Carbon 14MGT Belt System,36100,0,36100,18,Motion Industries,5,16,Lost,Price
Q-2026-1129,2026-01-04,2026-01-10,Riverview Packaging,Atchison,KS,Lisa Cheng,Linear Motion,SKF LBBR 25-2LS Linear Ball Bearings (qty 37),1900,0,1900,20,Motion Industries,0,6,Won,
Q-2026-1130,2026-01-04,2026-01-11,Central Iowa Machining,Des Moines,IA,Lisa Cheng,Linear Motion,NSK LAH25BNZ Linear Guide Carriage (qty 81),3600,2,3528,23,Motion Industries,1,7,Lost,Spec change
Q-2026-1131,2026-01-06,2026-01-17,Tallgrass Pump & Motor,Emporia,KS,Mark Alderman,Bearings,NTN UCP210-115D1 Pillow Block Bearings (qty 90),8100,0,8100,17,Applied Industrial,3,11,Won,
Q-2026-1132,2026-01-07,2026-01-17,Ozark Machine Works,Springfield,MO,Lisa Cheng,Seals & Gaskets,Garlock Style 9850 Gasket Set (qty 12),6800,3,6596,32,McMaster-Carr,1,10,Won,
Q-2026-1133,2026-01-08,2026-01-19,Flint Hills Hydraulics,Manhattan,KS,Mark Alderman,Power Transmission,Habasit Cleandrive Conveyor Belt System (200ft),2600,6,2444,24,Motion Industries,2,11,Won,
Q-2026-1134,2026-01-08,2026-01-15,Midland Machine & Tool,Sedalia,MO,Jake Finley,MRO/Mixed,"Welding shop supplies — wire, gas, tips, nozzles",7200,1,7128,30,,1,7,Lost,Lead time
Q-2026-1135,2026-01-09,2026-01-19,Four Corners Welding,McPherson,KS,Mark Alderman,Power Transmission,Habasit Cleandrive Conveyor Belt System (200ft),3100,6,2914,25,Applied Industrial,3,10,Won,
Q-2026-1136,2026-01-09,2026-01-29,Tallgrass Pump & Motor,Emporia,KS,Lisa Cheng,Valves,Honeywell V5011N Flanged Globe Valves (qty 46),6900,0,6900,16,Motion Industries,1,20,Lost,No response
Q-2026-1137,2026-01-11,2026-01-23,Dusty Plains Ag Co-op,Pratt,KS,Tyler Novak,Bearings,Koyo 32210JR Tapered Bearings (qty 53),20000,0,20000,20,Motion Industries,4,12,Lost,Price
Q-2026-1138,2026-01-11,2026-02-04,Bluestem Fabrication,El Dorado,KS,Tyler Novak,MRO/Mixed,"Assorted maintenance kit — filters, belts, lubricants",7400,6,6956,28,Amazon Business,2,24,Lost,Lead time
Q-2026-1139,2026-01-11,2026-02-16,Rolling Hills Dairy,Marysville,KS,Mark Alderman,Seals & Gaskets,John Crane Type 1 Mechanical Seal Assemblies (qty 93),78700,5,74765,29,Applied Industrial,5,36,Lost,Price
Q-2026-1140,2026-01-11,2026-02-01,Red Hawk Processing,Ponca City,OK,Mark Alderman,Motors & Drives,WEG W22 NEMA Premium Motor 7.5HP,8200,6,7708,22,,1,21,Lost,Price
Q-2026-1141,2026-01-13,2026-01-22,Iron Horse Fabrication,Coffeyville,KS,Jake Finley,Bearings,FAG 6308-2RSR-C3 Deep Groove (qty 99),4700,0,4700,20,,1,9,Lost,Went with incumbent
Q-2026-1142,2026-01-13,2026-01-21,Silo Systems Inc,Beatrice,NE,Lisa Cheng,Bearings,Timken HM218248/HM218210 Sets (qty 67),1000,0,1000,18,,0,8,Won,
Q-2026-1143,2026-01-13,2026-02-03,Cottonwood Valley Dairy,Marion,KS,Lisa Cheng,Bearings,NSK 6205DDUCM Deep Groove Bearings (qty 7),17600,0,17600,23,,3,21,Lost,No response
Q-2026-1144,2026-01-14,2026-01-28,Great Plains Manufacturing,Wichita,KS,Lisa Cheng,MRO/Mixed,"Valve maintenance kit — packing, gaskets, handwheels",7200,0,7200,34,Motion Industries,0,14,Lost,Project canceled
Q-2026-1145,2026-01-14,2026-01-21,Jensen Manufacturing,Overland Park,KS,Mark Alderman,Valves,Emerson ASCO 551 Series Pneumatic Valves (qty 64),10400,1,10296,19,Applied Industrial,5,7,Won,
Q-2026-1146,2026-01-16,2026-02-18,Cornhusker Milling,Lincoln,NE,Mark Alderman,Valves,Parker Hannifin D1VW Series Directional Valves (qty 96),36200,0,36200,22,Ferguson,2,33,Lost,Price
Q-2026-1147,2026-01-17,2026-02-09,Big Sky Fabrication,Manhattan,KS,Jake Finley,Bearings,SKF 23126 CC/W33 Spherical Roller (qty 95),4300,0,4300,25,,0,23,Lost,Went with incumbent
Q-2026-1148,2026-01-18,2026-01-23,Central Iowa Machining,Des Moines,IA,Jake Finley,Motors & Drives,WEG W22 NEMA Premium Motor 7.5HP,8500,0,8500,18,Motion Industries,0,5,Lost,Price
Q-2026-1149,2026-01-19,2026-01-28,Bootheel Manufacturing,Sikeston,MO,Lisa Cheng,Bearings,FAG 6308-2RSR-C3 Deep Groove (qty 52),3700,8,3404,15,McMaster-Carr,1,9,Lost,Lead time
Q-2026-1150,2026-01-22,2026-02-02,Prairie Wind Renewables,Garden City,KS,Jake Finley,Valves,Danfoss VRB2 2-Way Valve Bodies (qty 99),11100,5,10545,20,Ferguson,3,11,Won,
Q-2026-1151,2026-01-22,2026-02-07,Prairie Wind Renewables,Garden City,KS,Mark Alderman,Linear Motion,Thomson 60 Case Shaft Linear Bearing (qty 41),34400,5,32680,21,,7,16,Lost,Price
Q-2026-1152,2026-01-24,2026-02-11,River Bluff Packaging,Lawrence,KS,Tyler Novak,Motors & Drives,Allen-Bradley PowerFlex 525 VFD 20HP,11300,4,10848,20,McMaster-Carr,3,18,Lost,Lead time
Q-2026-1153,2026-01-28,2026-02-20,Hawkeye Industrial,Cedar Rapids,IA,Jake Finley,Bearings,Timken 387A/382A Tapered Roller Sets (qty 7),15200,0,15200,19,,2,23,Lost,Went with incumbent
Q-2026-1154,2026-01-28,2026-02-14,Northern Grain Elevator,Sioux City,IA,Jake Finley,Seals & Gaskets,Garlock Style 9850 Gasket Set (qty 84),24800,3,24056,35,,2,17,Lost,Price
Q-2026-1155,2026-01-29,2026-02-26,Great Plains Manufacturing,Wichita,KS,Mark Alderman,Seals & Gaskets,Parker Parbak F700 Backup Rings (qty 46),23800,0,23800,27,,3,28,Lost,Price
Q-2026-1156,2026-01-29,2026-02-09,Jensen Manufacturing,Overland Park,KS,Tyler Novak,Power Transmission,TB Woods SVS2 Variable Speed Sheave Kit,13200,7,12276,24,,5,11,Won,
Q-2026-1157,2026-01-31,2026-02-15,Jensen Manufacturing,Overland Park,KS,Jake Finley,Valves,ASCO 8210G Series Solenoid Valves (qty 91),3900,0,3900,19,Ferguson,2,15,Lost,Project canceled
Q-2026-1158,2026-01-31,2026-02-22,Sunflower Steel Products,Hutchinson,KS,Tyler Novak,Seals & Gaskets,SKF Speedi-Sleeve Wear Sleeves (qty 74),10400,0,10400,29,,2,22,Lost,Price
Q-2026-1159,2026-02-01,2026-02-06,Bootheel Manufacturing,Sikeston,MO,Lisa Cheng,MRO/Mixed,Emergency bearing replacement kit,7400,4,7104,30,,2,5,Lost,Price
Q-2026-1160,2026-02-02,2026-02-08,Corn Belt Processing,Marshalltown,IA,Jake Finley,Valves,Parker Hannifin D1VW Series Directional Valves (qty 41),1100,0,1100,24,Ferguson,1,6,Won,
Q-2026-1161,2026-02-02,2026-02-09,Midwest Conveyor Solutions,St. Joseph,MO,Lisa Cheng,Motors & Drives,Leeson C184T17DB1A Motor 5HP 3PH,12800,1,12672,15,,4,7,Won,
Q-2026-1162,2026-02-02,2026-02-16,Midwest Conveyor Solutions,St. Joseph,MO,Mark Alderman,Power Transmission,Nord Unicase SK 9382.1 Helical Gear Unit,62800,5,59660,23,Applied Industrial,5,14,Won,
Q-2026-1163,2026-02-03,2026-02-10,Missouri Valley Fabricators,Independence,MO,Mark Alderman,Bearings,NSK 6205DDUCM Deep Groove Bearings (qty 58),4700,5,4465,24,Motion Industries,1,7,Lost,Price
Q-2026-1164,2026-02-03,2026-02-22,Timber Creek Fabrication,Pittsburg,KS,Mark Alderman,Bearings,FAG 22316E1A.M Spherical Bearings (qty 24),16300,0,16300,24,Amazon Business,4,19,Lost,Price
Q-2026-1165,2026-02-03,2026-02-18,Lakeshore Assembly,Council Bluffs,IA,Mark Alderman,Bearings,Timken 567/563 Tapered Roller Sets (qty 51),17900,2,17542,15,Motion Industries,3,15,Won,
Q-2026-1166,2026-02-03,2026-02-13,Four Corners Welding,McPherson,KS,Tyler Novak,Motors & Drives,Allen-Bradley PowerFlex 525 VFD 20HP,9900,0,9900,22,Motion Industries,3,10,Lost,No response
Q-2026-1167,2026-02-03,2026-03-04,Cottonwood Valley Dairy,Marion,KS,Jake Finley,Valves,Parker Hannifin D1VW Series Directional Valves (qty 56),40200,0,40200,15,Applied Industrial,3,29,Lost,Price
Q-2026-1168,2026-02-04,2026-02-28,Great Plains Manufacturing,Wichita,KS,Mark Alderman,Bearings,FAG 22316E1A.M Spherical Bearings (qty 29),18900,0,18900,23,Applied Industrial,3,24,Lost,Price
Q-2026-1169,2026-02-04,2026-03-05,Flatlander Ag Repair,Abilene,KS,Mark Alderman,Linear Motion,Bosch Rexroth R162381420 Runner Block (qty 47),17800,0,17800,24,,3,29,Lost,Lead time
Q-2026-1170,2026-02-04,2026-03-05,Midland Machine & Tool,Sedalia,MO,Lisa Cheng,Bearings,SKF 23126 CC/W33 Spherical Roller (qty 50),12500,0,12500,21,,2,29,Lost,Spec change
Q-2026-1171,2026-02-04,2026-02-28,Tornado Alley Manufacturing,Joplin,MO,Jake Finley,Motors & Drives,WEG W22 NEMA Premium Motor 7.5HP,2100,0,2100,23,,0,24,Lost,Price
Q-2026-1172,2026-02-04,2026-02-13,Capitol City Metalworks,Jefferson City,MO,Lisa Cheng,Seals & Gaskets,Garlock Blu-Gard 3000 Sheet Material,2600,2,2548,35,,0,9,Won,
Q-2026-1173,2026-02-06,2026-02-24,Chisholm Trail Equipment,Newton,KS,Tyler Novak,Power Transmission,Gates Poly Chain GT Carbon 14MGT Belt System,3000,0,3000,20,,2,18,Lost,Price
Q-2026-1174,2026-02-07,2026-03-01,High Plains Ag Services,Dodge City,KS,Mark Alderman,Motors & Drives,Siemens SINAMICS G120C VFD 15HP,2500,0,2500,15,,2,22,Lost,Went with incumbent
Q-2026-1175,2026-02-08,2026-02-26,Red Hawk Processing,Ponca City,OK,Jake Finley,Linear Motion,Bosch Rexroth R162381420 Runner Block (qty 47),12100,3,11737,26,Applied Industrial,3,18,Won,
Q-2026-1176,2026-02-08,2026-02-21,Lakeshore Assembly,Council Bluffs,IA,Mark Alderman,Valves,Honeywell V5011N Flanged Globe Valves (qty 7),17100,5,16245,22,Ferguson,3,13,Won,
Q-2026-1177,2026-02-10,2026-03-04,Kaw Valley Machine,Lawrence,KS,Mark Alderman,Power Transmission,Rexnord 1050T Grid Coupling Assembly,41100,0,41100,18,,6,22,Lost,Price
Q-2026-1178,2026-02-11,2026-02-27,Great Plains Manufacturing,Wichita,KS,Lisa Cheng,Motors & Drives,Baldor EM3615T Super-E Motor 5HP 1750RPM,34900,1,34551,15,,3,16,Won,
Q-2026-1179,2026-02-11,2026-02-20,Lakeshore Assembly,Council Bluffs,IA,Jake Finley,Bearings,FAG 6308-2RSR-C3 Deep Groove (qty 50),1200,0,1200,17,Motion Industries,1,9,Lost,Lead time
Q-2026-1180,2026-02-11,2026-03-05,Jensen Manufacturing,Overland Park,KS,Lisa Cheng,Motors & Drives,ABB ACS580 Variable Frequency Drive 10HP,6300,4,6048,17,Motion Industries,2,22,Lost,Price
Q-2026-1181,2026-02-12,2026-02-26,Midland Machine & Tool,Sedalia,MO,Jake Finley,Motors & Drives,Allen-Bradley PowerFlex 525 VFD 20HP,8500,8,7820,18,,1,14,Won,
Q-2026-1182,2026-02-13,2026-03-11,Flatlander Ag Repair,Abilene,KS,Mark Alderman,Seals & Gaskets,Garlock Blu-Gard 3000 Sheet Material,32600,6,30644,29,,5,26,Lost,Spec change
Q-2026-1183,2026-02-13,2026-02-24,Flint Hills Hydraulics,Manhattan,KS,Jake Finley,MRO/Mixed,"Welding shop supplies — wire, gas, tips, nozzles",800,3,776,31,,0,11,Won,
Q-2026-1184,2026-02-13,2026-02-26,Red Hawk Processing,Ponca City,OK,Lisa Cheng,Bearings,FAG 22316E1A.M Spherical Bearings (qty 95),15600,8,14352,22,,4,13,Won,
Q-2026-1185,2026-02-14,2026-02-27,Kaw Valley Machine,Lawrence,KS,Lisa Cheng,Linear Motion,IKO LWLF42 Linear Way L Blocks (qty 70),14900,1,14751,32,,4,13,Won,
Q-2026-1186,2026-02-14,2026-03-06,Bootheel Manufacturing,Sikeston,MO,Lisa Cheng,Motors & Drives,Baldor EM3615T Super-E Motor 5HP 1750RPM,4200,0,4200,21,Applied Industrial,0,20,Lost,Went with incumbent
Q-2026-1187,2026-02-14,2026-03-13,Ozark Machine Works,Springfield,MO,Jake Finley,Seals & Gaskets,SKF Speedi-Sleeve Wear Sleeves (qty 72),34800,4,33408,28,Motion Industries,3,27,Lost,Project canceled
Q-2026-1188,2026-02-14,2026-03-10,Rolling Hills Dairy,Marysville,KS,Jake Finley,Valves,Fisher V150 Rotary Control Valves (qty 4),16100,2,15778,19,,1,24,Lost,Price
Q-2026-1189,2026-02-15,2026-02-21,Gateway Steel & Alloy,St. Louis,MO,Jake Finley,Seals & Gaskets,Chesterton 442C Split Seal Assembly,900,2,882,34,Motion Industries,0,6,Won,
Q-2026-1190,2026-02-15,2026-02-21,Jensen Manufacturing,Overland Park,KS,Jake Finley,Linear Motion,Bosch Rexroth R162381420 Runner Block (qty 86),5200,4,4992,24,,2,6,Won,
Q-2026-1191,2026-02-15,2026-02-27,Gateway Steel & Alloy,St. Louis,MO,Tyler Novak,Bearings,Timken 387A/382A Tapered Roller Sets (qty 16),3300,2,3234,20,,3,12,Won,
Q-2026-1192,2026-02-15,2026-03-04,CrossWinds Energy,Liberal,KS,Mark Alderman,Motors & Drives,Siemens SINAMICS G120C VFD 15HP,4900,0,4900,19,Applied Industrial,2,17,Lost,Project canceled
Q-2026-1193,2026-02-16,2026-02-21,Big Sky Fabrication,Manhattan,KS,Tyler Novak,Bearings,INA RNA4907 Needle Bearings (qty 65),5900,8,5428,23,,2,5,Won,
Q-2026-1194,2026-02-17,2026-03-19,Ozark Machine Works,Springfield,MO,Mark Alderman,Bearings,Koyo 6206 ZZ CM Deep Groove (qty 60),24900,0,24900,22,Applied Industrial,4,30,Lost,Price
Q-2026-1195,2026-02-18,2026-02-28,Platte River Machine,Grand Island,NE,Mark Alderman,Motors & Drives,Allen-Bradley PowerFlex 525 VFD 20HP,9300,6,8742,20,Motion Industries,2,10,Won,
Q-2026-1196,2026-02-20,2026-03-02,Bluestem Fabrication,El Dorado,KS,Jake Finley,Bearings,INA RNA4907 Needle Bearings (qty 39),12000,2,11760,16,Applied Industrial,3,10,Won,
Q-2026-1197,2026-02-20,2026-03-18,Prairie Wind Renewables,Garden City,KS,Jake Finley,Valves,Emerson ASCO 551 Series Pneumatic Valves (qty 34),68800,2,67424,22,,3,26,Lost,Lead time
Q-2026-1198,2026-02-20,2026-03-26,Hawkeye Industrial,Cedar Rapids,IA,Mark Alderman,Valves,Swagelok Tube Adapters + Ball Valves,87900,0,87900,19,Ferguson,3,34,Lost,Lead time
Q-2026-1199,2026-02-20,2026-03-12,Flatlander Ag Repair,Abilene,KS,Jake Finley,Bearings,SKF 23126 CC/W33 Spherical Roller (qty 80),32500,3,31525,15,Applied Industrial,4,20,Lost,Project canceled
Q-2026-1200,2026-02-21,2026-03-08,River Bluff Packaging,Lawrence,KS,Tyler Novak,Power Transmission,Martin Sprocket D80B17 Double Strand Sprockets (qty 79),800,3,776,20,,3,15,Lost,Lead time
Q-2026-1201,2026-02-22,2026-03-02,Heartland Stamping,Lenexa,KS,Jake Finley,Seals & Gaskets,Parker Parbak F700 Backup Rings (qty 74),4800,0,4800,33,Motion Industries,0,8,Lost,Price
Q-2026-1202,2026-02-22,2026-03-01,Northern Grain Elevator,Sioux City,IA,Mark Alderman,Valves,Swagelok Tube Adapters + Ball Valves,2700,0,2700,21,Ferguson,2,7,Lost,Price
Q-2026-1203,2026-02-23,2026-03-19,Tri-State Fabrication,Kansas City,MO,Jake Finley,MRO/Mixed,"Hydraulic shop restock — hoses, fittings, fluid",800,5,760,32,,2,24,Lost,Went with incumbent
Q-2026-1204,2026-02-23,2026-03-13,Sunflower Steel Products,Hutchinson,KS,Lisa Cheng,Valves,Danfoss VRB2 2-Way Valve Bodies (qty 57),38400,0,38400,21,Applied Industrial,5,18,Lost,Lead time
Q-2026-1205,2026-02-24,2026-03-19,Tri-State Fabrication,Kansas City,MO,Jake Finley,Power Transmission,Intralox Series 800 Flat Top Modular Belt (150ft),22000,3,21340,21,,1,23,Lost,Project canceled
Q-2026-1206,2026-02-24,2026-03-31,Lakeshore Assembly,Council Bluffs,IA,Tyler Novak,Power Transmission,Rexnord 1050T Grid Coupling Assembly,61900,0,61900,18,Applied Industrial,7,35,Lost,Went with incumbent
Q-2026-1207,2026-02-26,2026-03-08,Rolling Hills Dairy,Marysville,KS,Lisa Cheng,Power Transmission,Dodge Quantis ILH68 Gearbox,22200,6,20868,20,,4,10,Won,
Q-2026-1208,2026-03-01,2026-03-13,Prairie Ag Equipment,Salina,KS,Jake Finley,Valves,Fisher V150 Rotary Control Valves (qty 34),16500,8,15180,21,Motion Industries,1,12,Lost,Lead time
Q-2026-1209,2026-03-03,2026-03-26,Sooner Industrial Supply,Tulsa,OK,Mark Alderman,Motors & Drives,Baldor EM3615T Super-E Motor 5HP 1750RPM,104200,0,104200,20,,5,23,Lost,No response
Q-2026-1210,2026-03-03,2026-03-17,Sooner Industrial Supply,Tulsa,OK,Mark Alderman,Power Transmission,Rexnord 1050T Grid Coupling Assembly,5900,0,5900,27,,3,14,Lost,No response
Q-2026-1211,2026-03-04,2026-03-17,CrossWinds Energy,Liberal,KS,Mark Alderman,Power Transmission,Gates Poly Chain GT Carbon 14MGT Belt System,7100,0,7100,19,,2,13,Lost,Project canceled
Q-2026-1212,2026-03-04,2026-03-28,Dairyland Cooperative,Omaha,NE,Jake Finley,Valves,Danfoss VRB2 2-Way Valve Bodies (qty 87),48500,1,48015,20,,3,24,Lost,Price
Q-2026-1213,2026-03-06,2026-03-26,Missouri Valley Fabricators,Independence,MO,Lisa Cheng,MRO/Mixed,"Hydraulic shop restock — hoses, fittings, fluid",3200,0,3200,29,,1,20,Lost,No response
Q-2026-1214,2026-03-06,2026-03-26,Chisholm Trail Equipment,Newton,KS,Jake Finley,Valves,Swagelok Tube Adapters + Ball Valves,1300,0,1300,21,Ferguson,1,20,Lost,Project canceled
Q-2026-1215,2026-03-07,2026-03-14,Heartland Stamping,Lenexa,KS,Jake Finley,Valves,Fisher V150 Rotary Control Valves (qty 28),21100,2,20678,23,Ferguson,3,7,Won,
Q-2026-1216,2026-03-08,2026-03-26,Cornhusker Milling,Lincoln,NE,Tyler Novak,Power Transmission,SEW Eurodrive K77DRE100LC4 Helical Bevel Gearmotor,4800,0,4800,19,Applied Industrial,3,18,Lost,Project canceled
Q-2026-1217,2026-03-10,2026-03-15,CrossWinds Energy,Liberal,KS,Lisa Cheng,Bearings,Timken 387A/382A Tapered Roller Sets (qty 6),3700,4,3552,26,Amazon Business,1,5,Won,
Q-2026-1218,2026-03-10,2026-04-08,Missouri Valley Fabricators,Independence,MO,Mark Alderman,Bearings,Koyo 32210JR Tapered Bearings (qty 39),20800,7,19344,23,Applied Industrial,4,29,Lost,Price
Q-2026-1219,2026-03-12,,Iron Horse Fabrication,Coffeyville,KS,Jake Finley,Valves,ASCO 8210G Series Solenoid Valves (qty 25),1900,3,1843,23,,1,,Pending,
Q-2026-1220,2026-03-14,,Sunflower Steel Products,Hutchinson,KS,Mark Alderman,Power Transmission,Habasit Cleandrive Conveyor Belt System (750ft),10000,7,9300,20,McMaster-Carr,4,,Pending,
